{
    "approach_5": {
        "question_0": {
            "correctness_accuracy": 1.0,
            "incorrectness_accuracy": 0.68,
            "overall_accuracy": 0.7333333333333333
        },
        "question_1": {
            "correctness_accuracy": 0,
            "incorrectness_accuracy": 1.0,
            "overall_accuracy": 1.0
        },
        "question_2": {
            "correctness_accuracy": 0.8461538461538461,
            "incorrectness_accuracy": 0.7647058823529411,
            "overall_accuracy": 0.8
        },
        "question_3": {
            "correctness_accuracy": 0,
            "incorrectness_accuracy": 1.0,
            "overall_accuracy": 1.0
        },
        "question_4": {
            "correctness_accuracy": 1.0,
            "incorrectness_accuracy": 0.48148148148148145,
            "overall_accuracy": 0.5333333333333333
        },
        "question_5": {
            "correctness_accuracy": 1.0,
            "incorrectness_accuracy": 0.6071428571428571,
            "overall_accuracy": 0.6333333333333333
        },
        "question_6": {
            "correctness_accuracy": 0,
            "incorrectness_accuracy": 1.0,
            "overall_accuracy": 1.0
        },
        "question_7": {
            "correctness_accuracy": 0.75,
            "incorrectness_accuracy": 0.6666666666666666,
            "overall_accuracy": 0.6785714285714286
        },
        "question_8": {
            "correctness_accuracy": 1.0,
            "incorrectness_accuracy": 0.8518518518518519,
            "overall_accuracy": 0.8666666666666667
        },
        "question_9": {
            "correctness_accuracy": 1.0,
            "incorrectness_accuracy": 0.9629629629629629,
            "overall_accuracy": 0.9666666666666667
        },
        "question_10": {
            "correctness_accuracy": 0,
            "incorrectness_accuracy": 0.9545454545454546,
            "overall_accuracy": 0.9545454545454546
        },
        "question_11": {
            "correctness_accuracy": 0.6666666666666666,
            "incorrectness_accuracy": 0.7142857142857143,
            "overall_accuracy": 0.7
        },
        "question_12": {
            "correctness_accuracy": 0.0,
            "incorrectness_accuracy": 0.6551724137931034,
            "overall_accuracy": 0.6333333333333333
        },
        "question_13": {
            "correctness_accuracy": 0,
            "incorrectness_accuracy": 0.7333333333333333,
            "overall_accuracy": 0.7333333333333333
        },
        "question_14": {
            "correctness_accuracy": 0,
            "incorrectness_accuracy": 0.8,
            "overall_accuracy": 0.8
        },
        "question_17": {
            "correctness_accuracy": 0.3333333333333333,
            "incorrectness_accuracy": 1.0,
            "overall_accuracy": 0.7333333333333333
        },
        "question_18": {
            "correctness_accuracy": 0.5,
            "incorrectness_accuracy": 0.8695652173913043,
            "overall_accuracy": 0.7931034482758621
        }
    }
}